id,Label
10865,0
10866,0
10867,0
10868,1
10869,1
10870,1
10871,0
10872,0
10873,0
10874,0
10875,1
10876,0
10877,0
10878,0
10879,0
10880,0
10881,0
10882,1
10883,1
10884,0
10885,1
10886,1
10887,1
10888,0
10889,0
10890,0
10891,0
10892,1
10893,0
10894,1
10895,1
10896,0
10897,1
10898,0
10899,0
10900,0
10901,0
10902,0
10903,0
10904,0
10905,0
10906,0
10907,0
10908,0
10909,0
10910,1
10911,1
10912,0
10913,1
10914,1
10915,0
10916,0
10917,1
10918,0
10919,0
10920,1
10921,0
10922,0
10923,1
10924,0
10925,0
10926,0
10927,0
10928,1
10929,1
10930,0
10931,0
10932,0
10933,0
10934,1
10935,1
10936,0
10937,1
10938,1
10939,0
10940,0
10941,0
10942,0
10943,1
10944,0
10945,0
10946,0
10947,1
10948,0
10949,0
10950,0
10951,0
10952,0
10953,0
10954,0
10955,0
10956,1
10957,0
10958,0
10959,1
10960,0
10961,0
10962,0
10963,0
10964,0
10965,0
10966,0
10967,0
10968,0
10969,0
10970,0
10971,0
10972,0
10973,0
10974,0
10975,0
10976,0
10977,0
10978,0
10979,0
10980,1
10981,0
10982,0
10983,1
10984,1
10985,0
10986,1
10987,0
10988,1
10989,1
10990,0
10991,1
10992,0
10993,0
10994,0
10995,1
10996,1
10997,0
10998,1
10999,0
11000,0
11001,0
11002,0
11003,0
11004,0
11005,0
11006,0
11007,0
11008,0
11009,1
11010,0
11011,0
11012,0
11013,0
11014,0
11015,1
11016,1
11017,0
11018,0
11019,0
11020,0
11021,0
11022,1
11023,0
11024,1
11025,0
11026,1
11027,1
11028,0
11029,0
11030,0
11031,0
11032,0
11033,1
11034,1
11035,0
11036,1
11037,1
11038,1
11039,1
11040,0
11041,0
11042,0
11043,0
11044,0
11045,0
11046,1
11047,1
11048,0
11049,1
11050,0
11051,0
11052,0
11053,0
11054,1
11055,0
11056,0
11057,0
11058,0
11059,0
11060,0
11061,0
11062,0
11063,0
11064,0
11065,0
11066,0
11067,0
11068,1
11069,1
11070,0
11071,0
11072,1
11073,0
11074,0
11075,0
11076,0
11077,0
11078,1
11079,1
11080,0
11081,1
11082,1
11083,0
11084,0
11085,0
11086,0
11087,0
11088,0
11089,1
11090,0
11091,0
11092,1
11093,0
11094,1
11095,1
11096,0
11097,1
11098,0
11099,0
11100,0
11101,1
11102,0
11103,0
11104,1
11105,0
11106,0
11107,0
11108,1
11109,0
11110,1
11111,0
11112,0
11113,0
11114,0
11115,0
11116,1
11117,1
11118,1
11119,1
11120,0
11121,1
11122,0
11123,0
11124,1
11125,0
11126,1
11127,0
11128,0
11129,1
11130,0
11131,1
11132,0
11133,0
11134,0
11135,1
11136,0
11137,0
11138,0
11139,1
11140,0
11141,1
11142,1
11143,0
11144,0
11145,1
11146,1
11147,0
11148,1
11149,0
11150,1
11151,1
11152,0
11153,0
11154,0
11155,0
11156,0
11157,0
11158,1
11159,0
11160,0
11161,0
11162,0
11163,1
11164,0
11165,0
11166,1
11167,0
11168,1
11169,0
11170,0
11171,0
11172,0
11173,0
11174,0
11175,0
11176,1
11177,1
11178,0
11179,0
11180,1
11181,0
11182,0
11183,1
11184,0
11185,0
11186,1
11187,0
11188,1
11189,0
11190,0
11191,0
11192,1
11193,1
11194,0
11195,0
11196,0
11197,0
11198,0
11199,0
11200,0
11201,0
11202,1
11203,1
11204,0
11205,0
11206,0
11207,0
11208,0
11209,0
11210,0
11211,0
11212,0
11213,0
11214,1
11215,1
11216,0
11217,1
11218,0
11219,0
11220,0
11221,0
11222,0
11223,0
11224,0
11225,0
11226,0
11227,0
11228,1
11229,1
11230,1
11231,1
11232,0
11233,0
11234,0
11235,1
11236,0
11237,0
11238,0
11239,0
11240,0
11241,0
11242,0
11243,0
11244,1
11245,1
11246,1
11247,0
11248,1
11249,1
11250,0
11251,1
11252,0
11253,0
11254,1
11255,0
11256,1
11257,0
11258,1
11259,0
11260,1
11261,0
11262,1
11263,1
11264,0
11265,1
11266,0
11267,1
11268,0
11269,0
11270,0
11271,0
11272,0
11273,0
11274,0
11275,0
11276,1
11277,0
11278,1
11279,1
11280,0
11281,0
11282,0
11283,0
11284,0
11285,1
11286,0
11287,1
11288,1
11289,0
11290,1
11291,1
11292,1
11293,0
11294,1
11295,0
11296,0
11297,0
11298,1
11299,1
11300,1
11301,0
11302,0
11303,0
11304,1
11305,0
11306,0
11307,0
11308,1
11309,0
11310,1
11311,0
11312,1
11313,0
11314,1
11315,1
11316,0
11317,1
11318,1
11319,0
11320,1
11321,0
11322,0
11323,1
11324,0
11325,0
11326,0
11327,1
11328,1
11329,0
11330,0
11331,0
11332,0
11333,0
11334,0
11335,1
11336,0
11337,1
11338,0
11339,0
11340,0
11341,1
11342,0
11343,0
11344,0
11345,0
11346,1
11347,0
11348,0
11349,0
11350,0
11351,1
11352,0
11353,1
11354,0
11355,0
11356,0
11357,0
11358,1
11359,1
11360,0
11361,0
11362,0
11363,1
11364,0
11365,0
11366,0
11367,0
11368,1
11369,0
11370,0
11371,0
11372,0
11373,0
11374,0
11375,0
11376,1
11377,1
11378,0
11379,1
11380,0
11381,0
11382,1
11383,0
11384,0
11385,0
11386,0
11387,1
11388,1
11389,0
11390,0
11391,0
11392,0
11393,0
11394,0
11395,0
11396,0
11397,1
11398,0
11399,1
11400,0
11401,0
11402,1
11403,1
11404,1
11405,0
11406,1
11407,0
11408,1
11409,0
11410,0
11411,0
11412,1
11413,0
11414,0
11415,0
11416,0
11417,0
11418,0
11419,0
11420,0
11421,0
11422,1
11423,0
11424,0
11425,1
11426,0
11427,0
11428,0
11429,1
11430,0
11431,0
11432,1
11433,0
11434,0
11435,1
11436,0
11437,1
11438,0
11439,0
11440,1
11441,0
11442,0
11443,0
11444,0
11445,1
11446,1
11447,1
11448,1
11449,1
11450,0
11451,0
11452,1
11453,0
11454,1
11455,0
11456,1
11457,0
11458,1
11459,1
11460,1
11461,0
11462,0
11463,1
11464,1
11465,1
11466,0
11467,1
11468,0
11469,0
11470,0
11471,0
11472,0
11473,0
11474,0
11475,0
11476,0
11477,1
11478,0
11479,1
11480,0
11481,1
11482,1
11483,0
11484,0
11485,0
11486,0
11487,1
11488,0
11489,0
11490,1
11491,1
11492,1
11493,0
11494,1
11495,0
11496,0
11497,0
11498,1
11499,0
11500,1
11501,1
11502,0
11503,1
11504,0
11505,0
11506,0
11507,1
11508,1
11509,0
11510,1
11511,1
11512,1
11513,1
11514,1
11515,1
11516,0
11517,0
11518,1
11519,0
11520,1
11521,1
11522,0
11523,0
11524,0
11525,1
11526,0
11527,0
11528,0
11529,1
11530,1
11531,0
11532,1
11533,0
11534,1
11535,1
11536,0
11537,0
11538,1
11539,0
11540,1
11541,0
11542,0
11543,0
11544,0
11545,1
11546,1
11547,0
11548,1
11549,1
11550,0
11551,1
11552,1
11553,0
11554,0
11555,0
11556,0
11557,0
11558,1
11559,0
11560,1
11561,0
11562,0
11563,1
11564,0
11565,0
11566,0
11567,1
11568,0
11569,0
11570,0
11571,0
11572,0
11573,1
11574,1
11575,1
11576,0
11577,0
11578,1
11579,0
11580,0
11581,0
11582,1
11583,1
11584,1
11585,1
11586,0
11587,1
11588,1
11589,1
11590,0
11591,0
11592,1
11593,1
11594,0
11595,0
11596,1
11597,0
11598,0
11599,1
11600,0
11601,0
11602,0
11603,1
11604,0
11605,1
11606,0
11607,0
11608,1
11609,0
11610,1
11611,1
11612,1
11613,0
11614,1
11615,0
11616,0
11617,1
11618,0
11619,1
11620,0
11621,0
11622,1
11623,1
11624,0
11625,0
11626,0
11627,0
11628,0
11629,0
11630,1
11631,0
11632,0
11633,1
11634,0
11635,0
11636,1
11637,0
11638,1
11639,0
11640,1
11641,1
11642,1
11643,0
11644,1
11645,1
11646,1
11647,0
11648,0
11649,0
11650,0
11651,1
11652,0
11653,0
11654,0
11655,0
11656,1
11657,0
11658,0
11659,1
11660,0
11661,0
11662,0
11663,0
11664,0
11665,1
11666,1
11667,1
11668,0
11669,0
11670,1
11671,0
11672,1
11673,0
11674,1
11675,1
11676,1
11677,0
11678,0
11679,0
11680,0
11681,0
11682,0
11683,1
11684,0
11685,0
11686,0
11687,0
11688,0
11689,0
11690,0
11691,0
11692,1
11693,0
11694,1
11695,0
11696,1
11697,0
11698,0
11699,1
11700,0
11701,0
11702,0
11703,0
11704,0
11705,1
11706,1
11707,0
11708,0
11709,1
11710,0
11711,0
11712,1
11713,1
11714,0
11715,0
11716,1
11717,0
11718,1
11719,0
11720,1
11721,0
11722,0
11723,0
11724,0
11725,0
11726,1
11727,0
11728,1
11729,0
11730,1
11731,1
11732,1
11733,0
11734,0
11735,0
11736,1
11737,1
11738,0
11739,0
11740,0
11741,1
11742,0
11743,0
11744,0
11745,0
11746,1
11747,0
11748,1
11749,1
11750,0
11751,0
11752,0
11753,0
11754,0
11755,1
11756,1
11757,0
11758,1
11759,1
11760,1
11761,0
11762,1
11763,1
11764,0
11765,1
11766,0
11767,1
11768,0
11769,0
11770,0
11771,1
11772,1
11773,0
11774,0
11775,1
11776,0
11777,0
11778,1
11779,0
11780,0
11781,1
11782,1
11783,0
11784,1
11785,0
11786,1
11787,1
11788,0
11789,0
11790,0
11791,0
11792,1
11793,0
11794,1
11795,0
11796,0
11797,1
11798,0
11799,0
11800,0
11801,0
11802,0
11803,0
11804,0
11805,1
11806,1
11807,0
11808,0
11809,1
11810,1
11811,0
11812,1
11813,0
11814,0
11815,1
11816,0
11817,0
11818,1
11819,0
11820,1
11821,0
11822,1
11823,0
11824,0
11825,1
11826,0
11827,0
11828,0
11829,0
11830,0
11831,0
11832,0
11833,0
11834,0
11835,0
11836,0
11837,0
11838,1
11839,1
11840,0
11841,0
11842,0
11843,0
11844,1
11845,0
11846,1
11847,1
11848,1
11849,1
11850,1
11851,1
11852,0
11853,0
11854,0
11855,0
11856,1
11857,0
11858,0
11859,0
11860,1
11861,0
11862,1
11863,0
11864,0
11865,0
11866,0
11867,0
11868,1
11869,1
11870,0
11871,0
11872,1
11873,0
11874,1
11875,0
11876,1
11877,0
11878,0
11879,0
11880,1
11881,0
11882,0
11883,0
11884,0
11885,1
11886,1
11887,1
11888,0
11889,0
11890,1
11891,0
11892,1
11893,0
11894,0
11895,0
11896,0
11897,0
11898,0
11899,0
11900,0
11901,1
11902,0
11903,1
11904,1
11905,0
11906,1
11907,0
11908,0
11909,1
11910,1
11911,0
11912,1
11913,0
11914,0
11915,0
11916,1
11917,0
11918,0
11919,0
11920,1
11921,0
11922,0
11923,0
11924,1
11925,0
11926,0
11927,0
11928,0
11929,1
11930,1
11931,0
11932,0
11933,1
11934,0
11935,0
11936,0
11937,1
11938,1
11939,1
11940,1
11941,0
11942,0
11943,0
11944,1
11945,1
11946,0
11947,0
11948,0
11949,0
11950,0
11951,0
11952,1
11953,0
11954,0
11955,0
11956,0
11957,0
11958,0
11959,0
11960,1
11961,1
11962,0
11963,0
11964,1
11965,0
11966,1
11967,1
11968,0
11969,0
11970,0
11971,1
11972,1
11973,0
11974,0
11975,0
11976,0
11977,0
11978,1
11979,1
11980,0
11981,0
11982,1
11983,1
11984,1
11985,1
11986,0
11987,1
11988,1
11989,0
11990,0
11991,0
11992,0
11993,1
11994,0
11995,0
11996,0
11997,0
11998,1
11999,0
12000,1
12001,1
12002,0
12003,0
12004,1
12005,0
12006,0
12007,0
12008,0
12009,1
12010,0
12011,0
12012,0
12013,0
12014,1
12015,0
12016,0
12017,0
12018,0
12019,1
12020,0
12021,0
12022,0
12023,1
12024,0
12025,0
12026,1
12027,0
12028,0
12029,1
12030,1
12031,1
12032,0
12033,1
12034,0
12035,1
12036,0
12037,0
12038,1
12039,0
12040,0
12041,0
12042,1
12043,0
12044,0
12045,1
12046,0
12047,0
12048,0
12049,0
12050,0
12051,0
12052,0
12053,0
12054,0
12055,0
12056,0
12057,0
12058,1
12059,1
12060,0
12061,1
12062,1
12063,1
12064,1
12065,0
12066,1
12067,0
12068,0
12069,1
12070,0
12071,0
12072,0
12073,0
12074,1
12075,0
12076,1
12077,1
12078,0
12079,1
12080,0
12081,0
12082,1
12083,1
12084,1
12085,1
12086,1
12087,1
12088,0
12089,1
12090,0
12091,1
12092,0
12093,0
12094,0
12095,0
12096,0
12097,0
12098,0
12099,0
12100,0
12101,0
12102,1
12103,0
12104,1
12105,1
12106,0
12107,1
12108,0
12109,0
12110,0
12111,1
12112,1
12113,1
12114,1
12115,0
12116,0
12117,0
12118,0
12119,0
12120,0
12121,0
12122,1
12123,1
12124,1
12125,0
12126,0
12127,0
12128,0
12129,0
12130,0
12131,0
12132,1
12133,0
12134,1
12135,0
12136,0
12137,0
12138,0
12139,0
12140,0
12141,0
12142,0
12143,1
12144,1
12145,0
12146,0
12147,1
12148,0
12149,0
12150,0
12151,0
12152,0
12153,1
12154,0
12155,1
12156,1
12157,0
12158,0
12159,0
12160,1
12161,0
12162,0
12163,1
12164,1
12165,1
12166,0
12167,0
12168,0
12169,0
12170,1
12171,1
12172,0
12173,0
12174,0
12175,0
12176,0
12177,1
12178,0
12179,0
12180,0
12181,1
12182,0
12183,0
12184,0
12185,1
12186,1
12187,0
12188,1
12189,0
12190,0
12191,0
12192,0
12193,0
12194,0
12195,0
12196,1
12197,0
12198,0
12199,0
12200,0
12201,0
12202,0
12203,0
12204,0
12205,0
12206,1
12207,1
12208,0
12209,0
12210,0
12211,1
12212,0
12213,0
12214,1
12215,0
12216,1
12217,0
12218,1
12219,1
12220,0
12221,0
12222,0
12223,0
12224,0
12225,1
12226,0
12227,0
12228,1
12229,1
12230,0
12231,0
12232,0
12233,0
12234,0
12235,1
12236,0
12237,1
12238,1
12239,0
12240,1
12241,0
12242,1
12243,1
12244,0
12245,0
12246,1
12247,1
12248,0
12249,0
12250,0
12251,0
12252,0
12253,1
12254,0
12255,1
12256,0
12257,1
12258,1
12259,0
12260,0
12261,0
12262,1
12263,0
12264,0
12265,1
12266,0
12267,1
12268,0
12269,0
12270,0
12271,0
12272,0
12273,1
12274,0
12275,0
12276,0
12277,1
12278,1
12279,0
12280,1
12281,0
12282,1
12283,0
12284,1
12285,0
12286,0
12287,1
12288,1
12289,0
12290,0
12291,0
12292,0
12293,0
12294,0
12295,1
12296,1
12297,0
12298,0
12299,0
12300,1
12301,0
12302,0
12303,0
12304,1
12305,0
12306,1
12307,1
12308,0
12309,0
12310,0
12311,0
12312,1
12313,0
12314,1
12315,0
12316,0
12317,0
12318,0
12319,0
12320,0
12321,0
12322,0
12323,0
12324,1
12325,0
12326,0
12327,0
12328,0
12329,0
12330,0
12331,0
12332,1
12333,0
12334,1
12335,0
12336,1
12337,0
12338,1
12339,0
12340,0
12341,0
12342,0
12343,0
12344,1
12345,1
12346,0
12347,1
12348,0
12349,1
12350,0
12351,0
12352,0
12353,0
12354,0
12355,1
12356,1
12357,0
12358,1
12359,1
12360,0
12361,0
12362,0
12363,0
12364,0
12365,1
12366,0
12367,0
12368,1
12369,0
12370,0
12371,0
12372,1
12373,0
12374,0
12375,1
12376,1
12377,0
12378,1
12379,0
12380,0
12381,0
12382,1
12383,0
12384,1
12385,1
12386,0
12387,0
12388,0
12389,1
12390,0
12391,0
12392,0
12393,0
12394,1
12395,0
12396,0
12397,0
12398,0
12399,0
12400,0
12401,0
12402,1
12403,0
12404,1
12405,1
12406,1
12407,0
12408,0
12409,1
12410,0
12411,0
12412,0
12413,1
12414,0
12415,1
12416,0
12417,0
12418,0
12419,1
12420,0
12421,0
12422,0
12423,0
12424,0
12425,0
12426,1
12427,0
12428,1
12429,0
12430,1
12431,1
12432,1
12433,0
12434,0
12435,0
12436,0
12437,1
12438,1
12439,0
12440,0
12441,0
12442,0
12443,0
12444,0
12445,0
12446,0
12447,0
12448,1
12449,0
12450,1
12451,0
12452,0
12453,1
12454,1
12455,0
12456,1
12457,1
12458,1
12459,1
12460,1
12461,0
12462,1
12463,1
12464,1
12465,0
12466,0
12467,0
12468,1
12469,0
12470,0
12471,0
12472,0
12473,1
12474,1
12475,0
12476,0
12477,0
12478,0
12479,0
12480,0
12481,1
12482,0
12483,0
12484,0
12485,0
12486,0
12487,1
12488,1
12489,1
12490,0
12491,0
12492,0
12493,0
12494,1
12495,0
12496,1
12497,1
12498,1
12499,0
12500,0
12501,0
12502,1
12503,0
12504,0
12505,1
12506,0
12507,1
12508,1
12509,0
12510,1
12511,0
12512,0
12513,1
12514,0
12515,0
12516,1
12517,0
12518,0
12519,0
12520,0
12521,1
12522,0
12523,0
12524,0
12525,0
12526,0
12527,0
12528,1
12529,0
12530,0
12531,0
12532,0
12533,0
12534,1
12535,0
12536,0
12537,1
12538,0
12539,1
12540,1
12541,0
12542,0
12543,1
12544,0
12545,1
12546,0
12547,0
12548,1
12549,1
12550,1
12551,0
12552,0
12553,0
12554,0
12555,0
12556,1
12557,1
12558,0
12559,0
12560,0
12561,0
12562,0
12563,0
12564,1
12565,0
12566,0
12567,0
12568,0
12569,0
12570,0
12571,0
12572,0
12573,1
12574,1
12575,1
12576,0
12577,1
12578,0
12579,1
12580,0
12581,0
12582,0
12583,0
12584,0
12585,0
12586,1
12587,0
12588,1
12589,0
12590,0
12591,0
12592,0
12593,0
12594,1
12595,0
12596,0
12597,0
12598,0
12599,0
12600,0
12601,0
12602,0
12603,1
12604,0
12605,0
12606,0
12607,0
12608,1
12609,0
12610,1
12611,0
12612,0
12613,0
12614,1
12615,1
12616,0
12617,1
12618,0
12619,0
12620,0
12621,0
12622,0
12623,0
12624,1
12625,0
12626,0
12627,1
12628,0
12629,0
12630,1
12631,1
12632,1
12633,0
12634,0
12635,0
12636,0
12637,0
12638,0
12639,1
12640,1
12641,1
12642,0
12643,0
12644,1
12645,0
12646,0
12647,0
12648,0
12649,1
12650,1
12651,0
12652,1
12653,1
12654,0
12655,0
12656,1
12657,0
12658,0
12659,1
12660,0
12661,0
12662,1
12663,1
12664,1
12665,1
12666,0
12667,1
12668,1
12669,0
12670,1
12671,1
12672,0
12673,1
12674,0
12675,0
12676,0
12677,1
12678,0
12679,0
12680,0
12681,0
12682,0
12683,0
12684,0
12685,1
12686,1
12687,0
12688,1
12689,0
12690,0
12691,0
12692,0
12693,0
12694,0
12695,1
12696,0
12697,0
12698,0
12699,0
12700,1
12701,0
12702,0
12703,0
12704,0
12705,0
12706,0
12707,0
12708,0
12709,1
12710,0
12711,1
12712,0
12713,0
12714,0
12715,1
12716,0
12717,0
12718,0
12719,0
12720,1
12721,0
12722,0
12723,0
12724,1
12725,0
12726,0
12727,0
12728,0
12729,1
12730,0
12731,0
12732,0
12733,0
12734,0
12735,1
12736,0
12737,1
12738,0
12739,1
12740,1
12741,1
12742,1
12743,0
12744,0
12745,0
12746,0
12747,0
12748,1
12749,1
12750,0
12751,0
12752,1
12753,0
12754,1
12755,1
12756,0
12757,0
12758,1
12759,1
12760,0
12761,0
12762,0
12763,1
12764,1
12765,0
12766,0
12767,1
12768,0
12769,0
12770,0
12771,0
12772,1
12773,0
12774,0
12775,0
12776,1
12777,0
12778,0
12779,1
12780,1
12781,0
12782,0
12783,0
12784,1
12785,1
12786,0
12787,0
12788,0
12789,1
12790,1
12791,0
12792,0
12793,0
12794,0
12795,1
12796,1
12797,0
12798,0
12799,0
12800,1
12801,0
12802,1
12803,1
12804,0
12805,1
12806,0
12807,1
12808,1
12809,0
12810,0
12811,0
12812,0
12813,0
12814,0
12815,0
12816,1
12817,0
12818,0
12819,0
12820,0
12821,0
12822,1
12823,1
12824,0
12825,1
12826,1
12827,0
12828,1
12829,0
12830,0
12831,1
12832,1
12833,0
12834,0
12835,1
12836,1
12837,1
12838,0
12839,1
12840,0
12841,0
12842,0
12843,1
12844,1
12845,0
12846,0
12847,0
12848,0
12849,1
12850,0
12851,0
12852,0
12853,0
12854,0
12855,0
12856,1
12857,0
12858,0
12859,1
12860,0
12861,0
12862,0
12863,1
12864,0
12865,1
12866,1
12867,1
12868,0
12869,1
12870,0
12871,1
12872,0
12873,1
12874,1
12875,0
12876,0
12877,0
12878,0
12879,0
12880,1
12881,1
12882,1
12883,0
12884,0
12885,0
12886,1
12887,0
12888,0
12889,0
12890,0
12891,1
12892,1
12893,0
12894,1
12895,0
12896,1
12897,0
12898,0
12899,0
12900,0
12901,1
12902,0
12903,0
12904,0
12905,0
12906,1
12907,0
12908,1
12909,0
12910,0
12911,0
12912,1
12913,0
12914,0
12915,1
12916,0
12917,0
12918,0
12919,1
12920,0
12921,1
12922,0
12923,1
12924,0
12925,0
12926,0
12927,1
12928,0
12929,0
12930,0
12931,0
12932,1
12933,0
12934,0
12935,0
12936,1
12937,0
12938,0
12939,1
12940,0
12941,0
12942,0
12943,1
12944,1
12945,1
12946,0
12947,1
12948,0
12949,0
12950,0
12951,1
12952,1
12953,1
12954,0
12955,1
12956,0
12957,1
12958,0
12959,0
12960,1
12961,1
12962,0
12963,0
12964,0
12965,1
12966,0
12967,0
12968,0
12969,0
12970,0
12971,1
12972,0
12973,1
12974,0
12975,0
12976,0
12977,0
12978,0
12979,0
12980,1
12981,0
12982,1
12983,0
12984,0
12985,1
12986,0
12987,0
12988,1
12989,1
12990,0
12991,0
12992,0
12993,0
12994,0
12995,1
12996,0
12997,1
12998,0
12999,0
13000,1
13001,0
13002,0
13003,0
13004,0
13005,0
13006,1
13007,0
13008,1
13009,1
13010,1
13011,1
13012,0
13013,1
13014,1
13015,0
13016,0
13017,1
13018,1
13019,1
13020,0
13021,0
13022,1
13023,0
13024,0
13025,1
13026,0
13027,1
13028,0
13029,1
13030,0
13031,0
13032,0
13033,1
13034,0
13035,1
13036,1
13037,0
13038,1
13039,1
13040,1
13041,0
13042,1
13043,0
13044,1
13045,0
13046,1
13047,0
13048,0
13049,0
13050,0
13051,0
13052,0
13053,0
13054,0
13055,0
13056,0
13057,0
13058,0
13059,0
13060,0
13061,1
13062,0
13063,0
13064,0
13065,0
13066,0
13067,1
13068,0
13069,0
13070,1
13071,1
13072,0
13073,0
13074,0
13075,1
13076,0
13077,0
13078,1
13079,0
13080,1
13081,0
13082,0
13083,0
13084,0
13085,0
13086,1
13087,0
13088,1
13089,1
13090,0
13091,0
13092,0
13093,1
13094,0
13095,0
13096,0
13097,1
13098,1
13099,1
13100,0
13101,0
13102,0
13103,0
13104,1
13105,0
13106,1
13107,0
13108,0
13109,0
13110,0
13111,0
13112,1
13113,0
13114,0
13115,1
13116,0
13117,1
13118,1
13119,1
13120,1
13121,0
13122,1
13123,0
13124,0
13125,0
13126,1
13127,1
13128,0
13129,1
13130,0
13131,0
13132,0
13133,1
13134,0
13135,1
13136,1
13137,1
13138,0
13139,0
13140,0
13141,1
13142,0
13143,0
13144,0
13145,1
13146,1
13147,0
13148,0
13149,0
13150,1
13151,1
13152,0
13153,1
13154,1
13155,1
13156,0
13157,0
13158,0
13159,0
13160,0
13161,0
13162,0
13163,0
13164,0
13165,0
13166,0
13167,0
13168,0
13169,1
13170,0
13171,1
13172,0
13173,0
13174,0
13175,0
13176,0
13177,0
13178,1
13179,0
13180,0
13181,0
13182,0
13183,0
13184,0
13185,0
13186,0
13187,0
13188,0
13189,1
13190,0
13191,0
13192,1
13193,0
13194,0
13195,0
13196,1
13197,1
13198,0
13199,0
13200,0
13201,1
13202,1
13203,1
13204,0
13205,0
13206,0
13207,0
13208,0
13209,0
13210,1
13211,0
13212,0
13213,0
13214,0
13215,1
13216,0
13217,0
13218,1
13219,0
13220,1
13221,0
13222,1
13223,0
13224,0
13225,1
13226,1
13227,0
13228,0
13229,0
13230,0
13231,0
13232,0
13233,1
13234,1
13235,0
13236,0
13237,1
13238,0
13239,0
13240,1
13241,0
13242,0
13243,0
13244,0
13245,0
13246,0
13247,0
13248,0
13249,1
13250,0
13251,0
13252,1
13253,0
13254,1
13255,0
13256,1
13257,1
13258,1
13259,0
13260,0
13261,1
13262,0
13263,1
13264,0
13265,0
13266,0
13267,0
13268,0
13269,0
13270,1
13271,0
13272,0
13273,0
13274,1
13275,0
13276,0
13277,0
13278,0
13279,0
13280,0
13281,0
13282,0
13283,0
13284,0
13285,0
13286,1
13287,0
13288,0
13289,0
13290,1
13291,0
13292,0
13293,1
13294,0
13295,1
13296,1
13297,0
13298,0
13299,0
13300,1
13301,1
13302,0
13303,1
13304,1
13305,0
13306,0
13307,1
13308,1
13309,0
13310,1
13311,0
13312,0
13313,1
13314,0
13315,1
13316,0
13317,0
13318,0
13319,0
13320,0
13321,0
13322,1
13323,0
13324,1
13325,0
13326,0
13327,1
13328,0
13329,0
13330,1
13331,1
13332,0
13333,0
13334,0
13335,0
13336,1
13337,1
13338,1
13339,0
13340,0
13341,0
13342,0
13343,1
13344,1
13345,0
13346,0
13347,0
13348,0
13349,1
13350,1
13351,0
13352,1
13353,0
13354,0
13355,0
13356,1
13357,0
13358,1
13359,0
13360,0
13361,0
13362,0
13363,1
13364,0
13365,0
13366,1
13367,1
13368,1
13369,0
13370,0
13371,0
13372,1
13373,0
13374,0
13375,0
13376,1
13377,0
13378,0
13379,0
13380,0
13381,0
13382,0
13383,1
13384,0
13385,0
13386,0
13387,0
13388,0
13389,1
13390,0
13391,1
13392,1
13393,1
13394,0
13395,0
13396,0
13397,0
13398,0
13399,1
13400,0
13401,0
13402,1
13403,0
13404,0
13405,1
13406,0
13407,1
13408,1
13409,0
13410,0
13411,0
13412,0
13413,0
13414,0
13415,1
13416,0
13417,0
13418,0
13419,1
13420,0
13421,0
13422,1
13423,0
13424,1
13425,1
13426,0
13427,0
13428,0
13429,0
13430,1
13431,0
13432,1
13433,1
13434,0
13435,1
13436,1
13437,0
13438,0
13439,0
13440,0
13441,0
13442,1
13443,0
13444,0
13445,0
13446,0
13447,0
13448,0
13449,0
13450,0
13451,0
13452,0
13453,1
13454,0
13455,1
13456,1
13457,0
13458,0
13459,0
13460,0
13461,0
13462,0
13463,0
13464,0
13465,1
13466,0
13467,1
13468,1
13469,0
13470,0
13471,0
13472,0
13473,0
13474,0
13475,0
13476,0
13477,0
13478,1
13479,0
13480,1
13481,0
13482,0
13483,0
13484,0
13485,0
13486,1
13487,1
13488,0
13489,0
13490,0
13491,0
13492,0
13493,0
13494,0
13495,1
13496,0
13497,1
13498,0
13499,0
13500,0
13501,1
13502,0
13503,0
13504,0
13505,0
13506,1
13507,0
13508,0
13509,0
13510,0
13511,0
13512,1
13513,0
13514,0
13515,0
13516,0
13517,0
13518,0
13519,1
13520,0
13521,0
13522,1
13523,0
13524,0
13525,1
13526,0
13527,0
13528,0
13529,1
13530,0
13531,0
13532,1
13533,0
13534,0
13535,0
13536,0
13537,0
13538,0
13539,1
13540,0
13541,0
13542,0
13543,1
13544,0
13545,1
13546,0
13547,1
13548,0
13549,0
13550,0
13551,0
13552,1
13553,1
13554,1
13555,0
13556,0
13557,1
13558,0
13559,1
13560,1
13561,0
13562,0
13563,0
13564,0
13565,1
13566,0
13567,0
13568,0
13569,0
13570,0
13571,0
13572,0
13573,1
13574,0
13575,0
13576,0
13577,0
13578,1
13579,0
13580,1
13581,0
13582,1
13583,1
13584,0
13585,0
13586,0
13587,0
13588,0
13589,0
13590,0
13591,1
13592,1
13593,1
13594,0
13595,0
13596,0
13597,1
13598,0
13599,1
13600,0
13601,0
13602,1
13603,0
13604,1
13605,0
13606,1
13607,0
13608,1
13609,0
13610,0
13611,0
13612,0
13613,0
13614,0
13615,0
13616,0
13617,1
13618,1
13619,1
13620,0
13621,0
13622,1
13623,0
13624,1
13625,0
13626,0
13627,0
13628,0
13629,0
13630,0
13631,0
13632,1
13633,1
13634,1
13635,1
13636,0
13637,0
13638,0
13639,0
13640,0
13641,1
13642,1
13643,0
13644,0
13645,1
13646,0
13647,1
13648,1
13649,1
13650,1
13651,1
13652,0
13653,1
13654,0
13655,0
13656,1
13657,0
13658,1
13659,0
13660,1
13661,1
13662,0
13663,1
13664,0
13665,1
13666,0
13667,1
13668,0
13669,1
13670,0
13671,0
13672,0
13673,0
13674,1
13675,0
13676,0
13677,0
13678,0
13679,1
13680,0
13681,0
13682,0
13683,0
13684,1
13685,1
13686,0
13687,1
13688,1
13689,1
13690,0
13691,1
13692,0
13693,1
13694,0
13695,0
13696,0
13697,1
13698,1
13699,1
13700,0
13701,1
13702,1
13703,0
13704,1
13705,0
13706,0
13707,0
13708,1
13709,0
13710,1
13711,0
13712,0
13713,0
13714,0
13715,0
13716,0
13717,0
13718,1
13719,0
13720,1
13721,0
13722,0
13723,1
13724,0
13725,0
13726,0
13727,0
13728,1
13729,0
13730,0
13731,1
13732,0
13733,0
13734,0
13735,0
13736,1
13737,1
13738,0
13739,1
13740,1
13741,0
13742,0
13743,1
13744,0
13745,0
13746,0
13747,0
13748,0
13749,0
13750,0
13751,1
13752,0
13753,0
13754,0
13755,0
13756,1
13757,0
13758,1
13759,0
13760,1
13761,0
13762,0
13763,1
13764,0
13765,0
13766,1
13767,0
13768,0
13769,1
13770,0
13771,1
13772,1
13773,1
13774,1
13775,0
13776,0
13777,0
13778,1
13779,0
13780,0
13781,0
13782,0
13783,0
13784,0
13785,0
13786,0
13787,1
13788,0
13789,0
13790,0
13791,0
13792,0
13793,0
13794,0
13795,0
13796,0
13797,0
13798,0
13799,0
13800,1
13801,0
13802,0
13803,1
13804,0
13805,0
13806,0
13807,1
13808,0
13809,1
13810,1
13811,0
13812,0
13813,1
13814,0
13815,0
13816,1
13817,0
13818,0
13819,1
13820,0
13821,1
13822,0
13823,0
13824,1
13825,0
13826,0
13827,0
13828,0
13829,1
13830,1
13831,0
13832,0
13833,1
13834,0
13835,0
13836,1
13837,1
13838,1
13839,0
13840,0
13841,0
13842,0
13843,1
13844,1
13845,1
13846,0
13847,0
13848,0
13849,1
13850,1
13851,1
13852,0
13853,0
13854,0
13855,1
13856,0
13857,0
13858,1
13859,1
13860,1
13861,1
13862,0
13863,0
13864,0
13865,0
13866,1
13867,0
13868,0
13869,0
13870,0
13871,1
13872,1
13873,0
13874,0
13875,0
13876,0
13877,1
13878,0
13879,0
13880,1
13881,1
13882,1
13883,0
13884,0
13885,1
13886,0
13887,0
13888,0
13889,1
13890,1
13891,0
13892,0
13893,1
13894,1
13895,0
13896,1
13897,0
13898,0
13899,1
13900,1
13901,0
13902,0
13903,0
13904,1
13905,0
13906,0
13907,1
13908,1
13909,0
13910,0
13911,0
13912,0
13913,0
13914,1
13915,0
13916,0
13917,0
13918,0
13919,0
13920,0
13921,0
13922,0
13923,0
13924,1
13925,1
13926,0
13927,1
13928,0
13929,1
13930,1
13931,0
13932,1
13933,0
13934,0
13935,0
13936,1
13937,0
13938,0
13939,1
13940,0
13941,0
13942,0
13943,1
13944,0
13945,0
13946,0
13947,0
13948,0
13949,1
13950,0
13951,1
13952,1
13953,0
13954,0
13955,0
13956,0
13957,1
13958,0
13959,0
13960,1
13961,1
13962,1
13963,0
13964,0
13965,1
13966,0
13967,0
13968,1
13969,0
13970,1
13971,0
13972,1
13973,0
13974,0
13975,1
13976,0
13977,1
13978,1
13979,0
13980,0
13981,1
13982,0
13983,0
13984,0
13985,0
13986,0
13987,0
13988,0
13989,1
13990,1
13991,0
13992,0
13993,1
13994,1
13995,0
13996,1
13997,1
13998,1
13999,0
14000,0
14001,0
14002,0
14003,0
14004,0
14005,0
14006,1
14007,0
14008,0
14009,0
14010,0
14011,1
14012,0
14013,1
14014,1
14015,1
14016,0
14017,0
14018,1
14019,0
14020,1
14021,1
14022,0
14023,1
14024,0
14025,0
14026,1
14027,0
14028,1
14029,1
14030,0
14031,0
14032,0
14033,0
14034,0
14035,1
14036,0
14037,1
14038,1
14039,0
14040,1
14041,0
14042,0
14043,1
14044,0
14045,1
14046,0
14047,0
14048,0
14049,1
14050,1
14051,0
14052,0
14053,1
14054,0
14055,0
14056,0
14057,0
14058,0
14059,0
14060,0
14061,0
14062,1
14063,0
14064,0
14065,0
14066,0
14067,0
14068,0
14069,0
14070,0
14071,0
14072,0
14073,1
14074,1
14075,0
14076,1
14077,0
14078,0
14079,0
14080,0
14081,1
14082,0
14083,1
14084,0
14085,0
14086,0
14087,0
14088,0
14089,1
14090,0
14091,0
14092,0
14093,1
14094,0
14095,1
14096,0
14097,0
14098,0
14099,1
14100,0
14101,1
14102,0
14103,1
14104,0
14105,1
14106,0
14107,1
14108,0
14109,1
14110,0
14111,1
14112,1
14113,0
14114,1
14115,1
14116,1
14117,0
14118,0
14119,0
14120,1
14121,0
14122,1
14123,1
14124,0
14125,1
14126,0
14127,1
14128,0
14129,0
14130,1
14131,1
14132,1
14133,0
14134,1
14135,0
14136,1
14137,1
14138,1
14139,1
14140,1
14141,0
14142,0
14143,0
14144,0
14145,0
14146,0
14147,1
14148,0
14149,0
14150,0
14151,1
14152,0
14153,0
14154,1
14155,1
14156,1
14157,0
14158,1
14159,0
14160,1
14161,0
14162,0
14163,0
14164,0
14165,1
14166,1
14167,0
14168,0
14169,1
14170,0
14171,1
14172,0
14173,0
14174,0
14175,0
14176,0
14177,0
14178,0
14179,1
14180,0
14181,0
14182,0
14183,0
14184,0
14185,1
14186,1
14187,1
14188,0
14189,1
14190,0
14191,0
14192,0
14193,0
14194,1
14195,0
14196,1
14197,0
14198,0
14199,1
14200,0
14201,0
14202,1
14203,0
14204,0
14205,1
14206,0
14207,0
14208,1
14209,0
14210,0
14211,0
14212,0
14213,1
14214,0
14215,0
14216,1
14217,1
14218,0
14219,0
14220,1
14221,1
14222,0
14223,0
14224,0
14225,0
14226,1
14227,0
14228,0
14229,0
14230,0
14231,1
14232,0
14233,0
14234,0
14235,0
14236,0
14237,0
14238,1
14239,1
14240,0
14241,0
14242,0
14243,1
14244,1
14245,0
14246,0
14247,1
14248,0
14249,0
14250,1
14251,1
14252,0
14253,0
14254,1
14255,0
14256,1
14257,0
14258,0
14259,0
14260,0
14261,0
14262,0
14263,0
14264,0
14265,0
14266,0
14267,0
14268,0
14269,0
14270,0
14271,0
14272,1
14273,0
14274,0
14275,0
14276,1
14277,1
14278,0
14279,0
14280,0
14281,1
14282,0
14283,0
14284,0
14285,0
14286,0
14287,1
14288,0
14289,0
14290,0
14291,0
14292,1
14293,1
14294,0
14295,1
14296,0
14297,1
14298,0
14299,0
14300,0
14301,0
14302,0
14303,1
14304,0
14305,1
14306,0
14307,0
14308,0
14309,0
14310,0
14311,0
14312,0
14313,0
14314,1
14315,1
14316,0
14317,1
14318,1
14319,0
14320,0
14321,0
14322,0
14323,0
14324,0
14325,0
14326,0
14327,0
14328,1
14329,0
14330,1
14331,1
14332,1
14333,0
14334,0
14335,0
14336,0
14337,1
14338,1
14339,1
14340,1
14341,0
14342,0
14343,0
14344,0
14345,0
14346,1
14347,1
14348,0
14349,1
14350,0
14351,0
14352,0
14353,0
14354,0
14355,0
14356,1
14357,0
14358,0
14359,0
14360,1
14361,1
14362,0
14363,0
14364,0
14365,1
14366,0
14367,0
14368,1
14369,1
14370,1
14371,1
14372,1
14373,0
14374,0
14375,0
14376,0
14377,0
14378,0
14379,1
14380,0
14381,0
14382,0
14383,0
14384,0
14385,0
14386,0
14387,0
14388,0
14389,0
14390,0
14391,1
14392,1
14393,0
14394,0
14395,0
14396,0
14397,0
14398,0
14399,0
14400,1
14401,1
14402,1
14403,0
14404,0
14405,0
14406,0
14407,1
14408,1
14409,0
14410,0
14411,1
14412,0
14413,0
14414,1
14415,0
14416,0
14417,0
14418,0
14419,0
14420,0
14421,0
14422,0
14423,1
14424,1
14425,0
14426,0
14427,0
14428,1
14429,1
14430,0
14431,0
14432,1
14433,0
14434,1
14435,0
14436,0
14437,0
14438,0
14439,1
14440,0
14441,0
14442,0
14443,0
14444,1
14445,0
14446,1
14447,0
14448,1
14449,1
14450,1
14451,1
14452,0
14453,0
14454,0
14455,1
14456,0
14457,0
14458,0
14459,1
14460,1
14461,0
14462,0
14463,0
14464,0
14465,0
14466,0
14467,0
14468,1
14469,0
14470,1
14471,0
14472,0
14473,0
14474,0
14475,1
14476,1
14477,1
14478,0
14479,0
14480,1
14481,1
14482,0
14483,0
14484,1
14485,0
14486,0
14487,0
14488,0
14489,0
14490,1
14491,0
14492,1
14493,1
14494,0
14495,0
14496,1
14497,1
14498,0
14499,0
14500,0
14501,1
14502,0
14503,0
14504,0
14505,0
14506,0
14507,0
14508,0
14509,0
14510,0
14511,1
14512,1
14513,0
14514,1
14515,0
14516,0
14517,0
14518,0
14519,0
14520,0
14521,0
14522,0
14523,0
14524,0
14525,0
14526,1
14527,0
14528,0
14529,0
14530,1
14531,0
14532,1
14533,0
14534,0
14535,0
14536,0
14537,0
14538,0
14539,0
14540,1
14541,0
14542,0
14543,0
14544,0
14545,1
14546,0
14547,0
14548,0
14549,0
14550,0
14551,0
14552,1
14553,1
14554,0
14555,1
14556,0
14557,0
14558,1
14559,1
14560,1
14561,0
14562,0
14563,1
14564,0
14565,1
14566,0
14567,1
14568,0
14569,1
14570,0
14571,1
14572,0
14573,1
14574,0
14575,1
14576,0
14577,0
14578,0
14579,0
14580,0
14581,1
14582,1
14583,0
14584,1
14585,0
14586,1
14587,1
14588,0
14589,1
14590,1
14591,0
14592,0
14593,0
14594,1
14595,1
14596,0
14597,0
14598,0
14599,0
14600,0
14601,0
14602,0
14603,0
14604,0
14605,0
14606,0
14607,0
14608,0
14609,0
14610,1
14611,0
14612,1
14613,0
14614,1
14615,1
14616,0
14617,0
14618,1
14619,1
14620,0
14621,1
14622,1
14623,1
14624,0
14625,0
14626,1
14627,1
14628,0
14629,1
14630,0
14631,1
14632,0
14633,1
14634,0
14635,1
14636,0
14637,1
14638,0
14639,0
14640,0
14641,1
14642,0
14643,0
14644,0
14645,0
14646,0
14647,1
14648,0
14649,0
14650,0
14651,0
14652,0
14653,0
14654,0
14655,1
14656,0
14657,0
14658,1
14659,1
14660,1
14661,0
14662,1
14663,1
14664,1
14665,1
14666,1
14667,0
14668,1
14669,0
14670,0
14671,0
14672,1
14673,0
14674,0
14675,0
14676,1
14677,1
14678,0
14679,1
14680,0
14681,1
14682,0
14683,0
14684,0
14685,0
14686,0
14687,0
14688,1
14689,1
14690,1
14691,1
14692,0
14693,1
14694,0
14695,1
14696,0
14697,0
14698,0
14699,0
14700,1
14701,0
14702,1
14703,0
14704,0
14705,0
14706,0
14707,0
14708,0
14709,0
14710,1
14711,1
14712,0
14713,1
14714,1
14715,1
14716,1
14717,0
14718,1
14719,1
14720,1
14721,1
14722,1
14723,0
14724,1
14725,1
14726,1
14727,0
14728,0
14729,0
14730,0
14731,0
14732,0
14733,0
14734,1
14735,0
14736,0
14737,0
14738,0
14739,0
14740,0
14741,1
14742,1
14743,0
14744,1
14745,0
14746,1
14747,0
14748,0
14749,0
14750,0
14751,0
14752,0
14753,0
14754,1
14755,0
14756,1
14757,1
14758,0
14759,1
14760,1
14761,0
14762,0
14763,0
14764,0
14765,0
14766,1
14767,0
14768,1
14769,1
14770,1
14771,0
14772,0
14773,1
14774,0
14775,0
14776,0
14777,1
14778,1
14779,1
14780,0
14781,0
14782,1
14783,0
14784,0
14785,0
14786,0
14787,1
14788,0
14789,0
14790,0
14791,1
14792,0
14793,0
14794,0
14795,0
14796,1
14797,0
14798,0
14799,0
14800,1
14801,1
14802,0
14803,1
14804,0
14805,0
14806,0
14807,1
14808,0
14809,0
14810,1
14811,0
14812,1
14813,1
14814,0
14815,1
14816,1
14817,0
14818,0
14819,0
14820,0
14821,1
14822,0
14823,0
14824,1
14825,0
14826,0
14827,0
14828,0
14829,0
14830,0
14831,1
14832,0
14833,1
14834,0
14835,0
14836,1
14837,0
14838,1
14839,1
14840,1
14841,1
14842,1
14843,1
14844,1
14845,0
14846,0
14847,1
14848,0
14849,0
14850,0
14851,0
14852,0
14853,0
14854,1
14855,0
14856,0
14857,0
14858,1
14859,1
14860,1
14861,0
14862,0
14863,0
14864,0
14865,1
14866,0
14867,0
14868,0
14869,1
14870,1
14871,0
14872,1
14873,1
14874,0
14875,1
14876,1
14877,0
14878,1
14879,0
14880,1
14881,1
14882,0
14883,1
14884,0
14885,1
14886,0
14887,0
14888,1
14889,1
14890,0
14891,0
14892,0
14893,0
14894,0
14895,1
14896,1
14897,0
14898,1
14899,1
14900,1
14901,1
14902,0
14903,0
14904,0
14905,0
14906,0
14907,0
14908,0
14909,1
14910,0
14911,0
14912,1
14913,0
14914,0
14915,0
14916,1
14917,1
14918,0
14919,1
14920,0
14921,0
14922,0
14923,0
14924,0
14925,1
14926,0
14927,1
14928,0
14929,0
14930,0
14931,0
14932,0
14933,1
14934,1
14935,1
14936,0
14937,0
14938,0
14939,0
14940,1
14941,0
14942,0
14943,0
14944,0
14945,0
14946,0
14947,1
14948,0
14949,0
14950,0
14951,1
14952,0
14953,1
14954,0
14955,0
14956,1
14957,0
14958,0
14959,0
14960,0
14961,0
14962,0
14963,0
14964,1
14965,1
14966,1
14967,0
14968,0
14969,1
14970,1
14971,1
14972,0
14973,0
14974,0
14975,0
14976,0
14977,1
14978,1
14979,0
14980,0
14981,1
14982,0
14983,1
14984,1
14985,0
14986,0
14987,1
14988,0
14989,0
14990,0
14991,0
14992,0
14993,1
14994,0
14995,1
14996,1
14997,1
14998,0
14999,1
15000,0
15001,0
15002,0
15003,0
15004,0
15005,1
15006,0
15007,0
15008,0
15009,0
15010,0
15011,0
15012,0
15013,0
15014,0
15015,0
15016,0
15017,0
15018,1
15019,0
15020,0
15021,1
15022,0
15023,1
15024,0
15025,1
15026,1
15027,0
15028,0
15029,1
15030,1
15031,0
15032,0
15033,1
15034,1
15035,1
15036,1
15037,0
15038,1
15039,0
15040,0
15041,0
15042,1
15043,1
15044,0
15045,0
15046,1
15047,0
15048,1
15049,1
15050,1
15051,1
15052,1
15053,1
15054,0
15055,0
15056,0
15057,1
15058,1
15059,0
15060,0
15061,1
15062,1
15063,0
15064,1
15065,0
15066,0
15067,0
15068,0
15069,1
15070,0
15071,0
15072,1
15073,1
15074,0
15075,0
15076,1
15077,0
15078,1
15079,0
15080,1
15081,1
15082,0
15083,0
15084,1
15085,0
15086,0
15087,1
15088,1
15089,1
15090,0
15091,1
15092,1
15093,1
15094,0
15095,0
15096,0
15097,0
15098,1
15099,0
15100,1
15101,1
15102,0
15103,0
15104,0
15105,0
15106,0
15107,0
15108,0
15109,1
15110,1
15111,1
15112,0
15113,1
15114,0
15115,1
15116,0
15117,0
15118,0
15119,0
15120,0
15121,0
15122,0
15123,0
15124,0
15125,0
15126,1
15127,0
15128,0
15129,0
15130,0
15131,0
15132,0
15133,0
15134,0
15135,0
15136,1
15137,1
15138,0
15139,0
15140,1
15141,0
15142,0
15143,0
15144,0
15145,1
15146,1
15147,1
15148,1
15149,0
15150,1
15151,0
15152,0
15153,0
15154,1
15155,0
15156,1
15157,0
15158,0
15159,1
15160,0
15161,0
15162,0
15163,1
15164,0
15165,0
15166,1
15167,0
15168,1
15169,0
15170,0
15171,0
15172,0
15173,0
15174,1
15175,1
15176,1
15177,0
15178,0
15179,1
15180,0
15181,0
15182,0
15183,0
15184,0
15185,0
15186,0
15187,0
15188,1
15189,0
15190,0
15191,0
15192,0
15193,0
15194,0
15195,0
15196,1
15197,1
15198,0
15199,0
15200,1
15201,1
15202,0
15203,1
15204,1
15205,1
15206,0
15207,0
15208,0
15209,0
15210,1
15211,0
15212,1
15213,0
15214,0
15215,1
15216,0
15217,0
15218,1
15219,0
15220,1
15221,0
15222,0
15223,0
15224,0
15225,0
15226,0
15227,0
15228,1
15229,0
15230,0
15231,0
15232,0
15233,0
15234,1
15235,1
15236,0
15237,0
15238,1
15239,0
15240,1
15241,0
15242,0
15243,0
15244,1
15245,1
15246,1
15247,0
15248,0
15249,0
15250,1
15251,0
15252,1
15253,1
15254,1
15255,0
15256,0
15257,0
15258,1
15259,1
15260,0
15261,0
15262,0
15263,0
15264,1
15265,0
15266,0
15267,0
15268,0
15269,0
15270,0
15271,1
15272,0
15273,0
15274,0
15275,0
15276,0
15277,0
15278,0
15279,0
15280,0
15281,0
15282,1
15283,0
15284,1
15285,0
15286,0
15287,0
15288,0
15289,1
15290,0
15291,0
15292,0
15293,0
15294,0
15295,0
15296,0
15297,0
15298,1
15299,1
15300,0
15301,0
15302,0
15303,0
15304,1
15305,0
15306,0
15307,0
15308,0
15309,0
15310,1
15311,0
15312,1
15313,0
15314,0
15315,0
15316,0
15317,1
15318,0
15319,0
15320,1
15321,0
15322,1
15323,1
15324,1
15325,1
15326,0
15327,0
15328,1
15329,0
15330,0
15331,1
15332,0
15333,1
15334,0
15335,1
15336,0
15337,1
15338,0
15339,1
15340,1
15341,0
15342,1
15343,0
15344,0
15345,0
15346,0
15347,0
15348,0
15349,1
15350,0
15351,0
15352,0
15353,0
15354,0
15355,0
15356,0
15357,1
15358,1
15359,0
15360,1
15361,0
15362,1
15363,0
15364,0
15365,1
15366,0
15367,0
15368,0
15369,0
15370,1
15371,1
15372,0
15373,1
15374,0
15375,1
15376,1
15377,0
15378,1
15379,0
15380,0
15381,0
15382,1
15383,0
15384,0
15385,1
15386,0
15387,0
15388,1
15389,0
15390,0
15391,1
15392,1
15393,0
15394,0
15395,0
15396,1
15397,1
15398,1
15399,0
15400,0
15401,0
15402,0
15403,1
15404,0
15405,0
15406,0
15407,0
15408,0
15409,1
15410,0
15411,0
15412,1
15413,1
15414,0
15415,0
15416,1
15417,1
15418,0
15419,0
15420,0
15421,0
15422,0
15423,0
15424,0
15425,1
15426,0
15427,1
15428,1
15429,0
15430,1
15431,1
15432,0
15433,0
15434,0
15435,1
15436,0
15437,0
15438,1
15439,0
15440,0
15441,1
15442,0
15443,0
15444,0
15445,0
15446,0
15447,1
15448,0
15449,0
15450,0
15451,0
15452,0
15453,0
15454,0
15455,0
15456,0
15457,0
15458,1
15459,0
15460,0
15461,1
15462,0
15463,0
15464,0
15465,0
15466,0
15467,0
15468,1
15469,0
15470,0
15471,0
15472,1
15473,0
15474,1
15475,1
15476,0
15477,0
15478,0
15479,0
15480,0
15481,0
15482,0
15483,0
15484,0
15485,0
15486,0
15487,0
15488,1
15489,0
15490,0
15491,0
15492,0
15493,0
15494,0
15495,0
15496,1
15497,1
15498,0
15499,0
15500,0
15501,0
15502,0
15503,1
15504,0
15505,1
15506,1
15507,1
15508,0
15509,0
15510,1
15511,0
15512,1
15513,1
15514,0
15515,0
15516,0
15517,1
15518,1
15519,0
15520,1
15521,1
15522,1
15523,0
15524,0
15525,1
15526,0
15527,1
15528,0
15529,0
15530,0
15531,0
15532,0
15533,1
15534,0
15535,0
15536,0
15537,1
15538,0
15539,1
15540,1
15541,0
15542,0
15543,0
15544,1
15545,1
15546,0
15547,0
15548,0
15549,0
15550,0
15551,0
15552,0
15553,0
15554,1
15555,0
15556,0
15557,0
15558,1
15559,1
15560,0
15561,1
15562,0
15563,1
15564,0
15565,0
15566,0
15567,1
15568,1
15569,0
15570,0
15571,0
15572,1
15573,0
15574,0
15575,1
15576,0
15577,0
15578,1
15579,0
15580,1
15581,0
15582,0
15583,0
15584,0
15585,1
15586,1
15587,1
15588,0
15589,0
15590,0
15591,0
15592,0
15593,1
15594,0
15595,1
15596,0
15597,1
15598,0
15599,0
15600,0
15601,0
15602,0
15603,1
15604,0
15605,0
15606,1
15607,0
15608,0
15609,1
15610,0
15611,0
15612,0
15613,1
15614,1
15615,0
15616,0
15617,0
15618,0
15619,0
15620,1
15621,1
15622,0
15623,1
15624,0
15625,0
15626,1
15627,1
15628,1
15629,0
15630,0
15631,1
15632,0
15633,1
15634,0
15635,0
15636,0
15637,0
15638,0
15639,1
15640,1
15641,1
15642,1
15643,0
15644,0
15645,1
15646,0
15647,1
15648,1
15649,0
15650,0
15651,1
15652,0
15653,0
15654,1
15655,0
15656,0
15657,1
15658,0
15659,0
15660,0
15661,1
15662,0
15663,0
15664,1
15665,0
15666,0
15667,0
15668,1
15669,0
15670,0
15671,0
15672,0
15673,0
15674,0
15675,1
15676,0
15677,1
15678,1
15679,0
15680,0
15681,0
15682,1
15683,1
15684,1
15685,0
15686,0
15687,1
15688,0
15689,0
15690,0
15691,0
15692,1
15693,0
15694,0
15695,1
15696,0
15697,1
15698,1
15699,0
15700,0
15701,1
15702,0
15703,1
15704,1
15705,1
15706,1
15707,0
15708,0
15709,0
15710,0
15711,1
15712,1
15713,0
15714,0
15715,0
15716,1
15717,0
15718,0
15719,0
15720,0
15721,0
15722,1
15723,0
15724,1
15725,0
15726,0
15727,0
15728,0
15729,1
15730,1
15731,0
15732,0
15733,0
15734,0
15735,0
15736,1
15737,0
15738,0
15739,0
15740,0
15741,0
15742,1
15743,0
15744,0
15745,0
15746,0
15747,0
15748,0
15749,0
15750,0
15751,0
15752,1
15753,0
15754,1
15755,0
15756,0
15757,1
15758,1
15759,1
15760,0
15761,0
15762,0
15763,1
15764,1
15765,0
15766,1
15767,0
15768,0
15769,0
15770,0
15771,1
15772,1
15773,1
15774,1
15775,0
15776,0
15777,0
15778,0
15779,0
15780,1
15781,0
15782,0
15783,0
15784,0
15785,0
15786,0
15787,0
15788,1
15789,0
15790,0
15791,0
15792,0
15793,1
15794,0
15795,0
15796,1
15797,1
15798,1
15799,1
15800,1
15801,0
15802,0
15803,0
15804,0
15805,0
15806,0
15807,0
15808,0
15809,0
15810,1
15811,1
15812,1
15813,0
15814,0
15815,0
15816,0
15817,1
15818,0
15819,0
15820,0
15821,0
15822,0
15823,0
15824,0
15825,0
15826,1
15827,1
15828,0
15829,1
15830,0
15831,1
15832,0
15833,1
15834,0
15835,1
15836,0
15837,0
15838,1
15839,1
15840,0
15841,0
15842,0
15843,0
15844,0
15845,0
15846,0
15847,0
15848,1
15849,0
15850,0
15851,1
15852,0
15853,1
15854,0
15855,0
15856,0
15857,1
15858,1
15859,0
15860,0
15861,0
15862,1
15863,0
15864,0
15865,1
15866,0
15867,0
15868,1
15869,0
15870,1
15871,1
15872,0
15873,1
15874,1
15875,1
15876,1
15877,0
15878,0
15879,1
15880,0
15881,0
15882,0
15883,0
15884,1
15885,0
15886,0
15887,1
15888,0
15889,0
15890,1
15891,1
15892,1
15893,0
15894,1
15895,1
15896,0
15897,0
15898,0
15899,0
15900,0
15901,1
15902,0
15903,0
15904,1
15905,1
15906,0
15907,0
15908,0
15909,0
15910,1
15911,0
15912,0
15913,0
15914,0
15915,0
15916,0
15917,1
15918,1
15919,1
15920,0
15921,1
15922,0
15923,1
15924,0
15925,0
15926,0
15927,0
15928,0
15929,1
15930,1
15931,1
15932,1
15933,1
15934,0
15935,0
15936,0
15937,1
15938,0
15939,0
15940,0
15941,0
15942,1
15943,0
15944,0
15945,1
15946,1
15947,0
15948,1
15949,1
15950,1
15951,0
15952,0
15953,1
15954,0
15955,0
15956,0
15957,0
15958,0
15959,0
15960,0
15961,0
15962,0
15963,0
15964,0
15965,0
15966,0
15967,1
15968,1
15969,1
15970,1
15971,0
15972,0
15973,0
15974,1
15975,0
15976,1
15977,1
15978,0
15979,0
15980,0
15981,0
15982,0
15983,0
15984,0
15985,1
15986,0
15987,0
15988,0
15989,1
15990,0
15991,0
15992,1
15993,1
15994,0
15995,0
15996,0
15997,0
15998,1
15999,1
16000,0
16001,1
16002,0
16003,0
16004,0
16005,0
16006,0
16007,1
16008,0
16009,0
16010,0
16011,0
16012,0
16013,1
16014,1
16015,1
16016,0
16017,0
16018,0
16019,0
16020,0
16021,1
16022,1
16023,1
16024,1
16025,1
16026,1
16027,0
16028,0
16029,0
16030,1
16031,0
16032,1
16033,1
16034,0
16035,1
16036,1
16037,0
16038,1
16039,1
16040,0
16041,0
16042,1
16043,1
16044,0
16045,1
16046,1
16047,0
16048,1
16049,1
16050,1
16051,0
16052,0
16053,0
16054,0
16055,0
16056,0
16057,1
16058,0
16059,0
16060,0
16061,0
16062,1
16063,0
16064,0
16065,0
16066,0
16067,0
16068,0
16069,0
16070,1
16071,1
16072,0
16073,0
16074,0
16075,1
16076,1
16077,0
16078,0
16079,0
16080,1
16081,0
16082,0
16083,0
16084,0
16085,0
16086,0
16087,1
16088,0
16089,0
16090,1
16091,0
16092,0
16093,0
16094,0
16095,1
16096,1
16097,0
16098,1
16099,1
16100,0
16101,0
16102,0
16103,1
16104,1
16105,0
16106,0
16107,1
16108,0
16109,0
16110,0
16111,1
16112,1
16113,0
16114,0
16115,1
16116,0
16117,0
16118,0
16119,0
16120,0
16121,1
16122,1
16123,0
16124,0
16125,1
16126,0
16127,0
16128,1
16129,1
16130,0
16131,0
16132,0
16133,1
16134,1
16135,0
16136,1
16137,1
16138,0
16139,0
16140,1
16141,1
16142,0
16143,1
16144,0
16145,0
16146,0
16147,1
16148,0
16149,1
16150,1
16151,1
16152,1
16153,1
16154,1
16155,0
16156,0
16157,0
16158,0
16159,1
16160,0
16161,0
16162,1
16163,1
16164,0
16165,1
16166,0
16167,0
16168,0
16169,0
16170,0
16171,0
16172,1
16173,0
16174,0
16175,1
16176,1
16177,1
16178,0
16179,0
16180,1
16181,0
16182,0
16183,1
16184,0
16185,1
16186,1
16187,0
16188,0
16189,1
16190,0
16191,0
16192,0
16193,1
16194,0
16195,0
16196,1
16197,1
16198,1
16199,0
16200,1
16201,0
16202,1
16203,0
16204,0
16205,0
16206,1
16207,0
16208,0
16209,0
16210,0
16211,1
16212,1
16213,0
16214,0
16215,0
16216,0
16217,1
16218,1
16219,0
16220,0
16221,0
16222,0
16223,0
16224,0
16225,0
16226,0
16227,1
16228,0
16229,0
16230,0
16231,0
16232,0
16233,1
16234,0
16235,1
16236,0
16237,1
16238,0
16239,0
16240,1
16241,0
16242,1
16243,0
16244,1
16245,0
16246,0
16247,0
16248,0
16249,0
16250,0
16251,0
16252,1
16253,0
16254,0
16255,1
16256,1
16257,1
16258,0
16259,1
16260,0
16261,0
16262,0
16263,0
16264,0
16265,0
16266,1
16267,0
16268,0
16269,0
16270,0
16271,1
16272,1
16273,0
16274,1
16275,0
16276,0
16277,1
16278,0
16279,0
16280,1
16281,1
16282,1
16283,0
16284,1
16285,0
16286,0
16287,0
16288,1
16289,1
16290,0
16291,0
16292,0
16293,0
16294,1
